-- phpMyAdmin SQL Dump
-- version 5.2.1
-- https://www.phpmyadmin.net/
--
-- Host: 127.0.0.1
-- Generation Time: Oct 25, 2025 at 12:31 PM
-- Server version: 10.4.32-MariaDB
-- PHP Version: 8.2.12

SET SQL_MODE = "NO_AUTO_VALUE_ON_ZERO";
START TRANSACTION;
SET time_zone = "+00:00";


/*!40101 SET @OLD_CHARACTER_SET_CLIENT=@@CHARACTER_SET_CLIENT */;
/*!40101 SET @OLD_CHARACTER_SET_RESULTS=@@CHARACTER_SET_RESULTS */;
/*!40101 SET @OLD_COLLATION_CONNECTION=@@COLLATION_CONNECTION */;
/*!40101 SET NAMES utf8mb4 */;

--
-- Database: `mall`
--
CREATE DATABASE IF NOT EXISTS `mall` DEFAULT CHARACTER SET utf8mb4 COLLATE utf8mb4_general_ci;
USE `mall`;

-- --------------------------------------------------------

--
-- Table structure for table `customer`
--

CREATE TABLE `customer` (
  `cust_id` int(11) NOT NULL,
  `cust_name` varchar(200) NOT NULL,
  `buying_time` datetime NOT NULL,
  `total_bill` int(11) NOT NULL
) ENGINE=InnoDB DEFAULT CHARSET=utf8mb4 COLLATE=utf8mb4_general_ci;

--
-- Dumping data for table `customer`
--

INSERT INTO `customer` (`cust_id`, `cust_name`, `buying_time`, `total_bill`) VALUES
(1, 'ved', '2025-10-24 22:25:25', 2000),
(2, 'abhay', '2025-10-24 22:25:25', 1500),
(3, 'himu', '2025-10-24 22:25:25', 3000),
(4, 'anu', '2025-10-24 22:25:25', 1000),
(5, 'sweta', '2025-10-24 22:25:25', 2000);

-- --------------------------------------------------------

--
-- Table structure for table `departments`
--

CREATE TABLE `departments` (
  `dept_id` int(11) NOT NULL,
  `dept_name` varchar(100) NOT NULL
) ENGINE=InnoDB DEFAULT CHARSET=utf8mb4 COLLATE=utf8mb4_general_ci;

--
-- Dumping data for table `departments`
--

INSERT INTO `departments` (`dept_id`, `dept_name`) VALUES
(1, 'bata'),
(2, 'jbl'),
(3, 'souled'),
(4, 'anya');

-- --------------------------------------------------------

--
-- Table structure for table `employee`
--

CREATE TABLE `employee` (
  `emp_id` int(11) NOT NULL,
  `emp_name` varchar(100) NOT NULL,
  `dept_id` int(11) NOT NULL,
  `salary` int(11) NOT NULL
) ENGINE=InnoDB DEFAULT CHARSET=utf8mb4 COLLATE=utf8mb4_general_ci;

--
-- Dumping data for table `employee`
--

INSERT INTO `employee` (`emp_id`, `emp_name`, `dept_id`, `salary`) VALUES
(1, 'harsh', 4, 80000),
(2, 'luffy', 4, 10000),
(3, 'itachi', 1, 120000),
(4, 'sukuna', 1, 30000),
(5, 'law', 1, 80000),
(6, 'megumin', 2, 10000),
(7, 'maomao', 2, 90000),
(8, 'lloyd', 3, 200000),
(10, 'dev', 2, 50200),
(11, 'drashti', 3, 52000),
(12, 'vasu', 3, 70000);

--
-- Triggers `employee`
--
DELIMITER $$
CREATE TRIGGER `emp_modification` BEFORE UPDATE ON `employee` FOR EACH ROW BEGIN
   	 INSERT INTO employee_log (emp_id, emp_name, dept_id, salary, action_time, action_description)
   	 VALUES (NEW.emp_id, NEW.emp_name, NEW.dept_id, NEW.salary, NOW(),'UPDATED');
   
	END
$$
DELIMITER ;
DELIMITER $$
CREATE TRIGGER `employee_add` AFTER INSERT ON `employee` FOR EACH ROW BEGIN
    INSERT INTO employee_log (emp_id, emp_name, dept_id, action_time, action_description)
    VALUES(NEW.emp_id, NEW.emp_name, NEW.dept_id, NOW(), 'new employee added');
END
$$
DELIMITER ;

-- --------------------------------------------------------

--
-- Table structure for table `employee_log`
--

CREATE TABLE `employee_log` (
  `log_id` int(11) NOT NULL,
  `emp_id` int(11) DEFAULT NULL,
  `emp_name` varchar(200) DEFAULT NULL,
  `dept_id` int(11) DEFAULT NULL,
  `salary` int(11) NOT NULL,
  `action_time` datetime DEFAULT NULL,
  `action_description` varchar(200) DEFAULT NULL
) ENGINE=InnoDB DEFAULT CHARSET=utf8mb4 COLLATE=utf8mb4_general_ci;

--
-- Dumping data for table `employee_log`
--

INSERT INTO `employee_log` (`log_id`, `emp_id`, `emp_name`, `dept_id`, `salary`, `action_time`, `action_description`) VALUES
(1, 8, 'lloyd', 3, 0, '2025-10-24 20:30:02', 'new employee added'),
(2, 2, 'luffy', 4, 10000, '2025-10-25 01:33:36', 'UPDATED'),
(3, 10, 'dev', 2, 0, '2025-10-25 15:04:18', 'new employee added'),
(4, 11, 'drashti', 3, 0, '2025-10-25 15:06:30', 'new employee added'),
(5, 12, 'vasu', 3, 0, '2025-10-25 15:11:55', 'new employee added');

-- --------------------------------------------------------

--
-- Stand-in structure for view `emp_dept_view`
-- (See below for the actual view)
--
CREATE TABLE `emp_dept_view` (
`emp_id` int(11)
,`emp_name` varchar(100)
,`dept_name` varchar(100)
);

-- --------------------------------------------------------

--
-- Stand-in structure for view `emp_dept_view_50k+`
-- (See below for the actual view)
--
CREATE TABLE `emp_dept_view_50k+` (
`emp_id` int(11)
,`emp_name` varchar(100)
,`dept_name` varchar(100)
,`salary` int(11)
);

-- --------------------------------------------------------

--
-- Structure for view `emp_dept_view`
--
DROP TABLE IF EXISTS `emp_dept_view`;

CREATE ALGORITHM=UNDEFINED DEFINER=`root`@`localhost` SQL SECURITY DEFINER VIEW `emp_dept_view`  AS SELECT `employee`.`emp_id` AS `emp_id`, `employee`.`emp_name` AS `emp_name`, `departments`.`dept_name` AS `dept_name` FROM (`employee` join `departments` on(`employee`.`dept_id` = `departments`.`dept_id`)) ;

-- --------------------------------------------------------

--
-- Structure for view `emp_dept_view_50k+`
--
DROP TABLE IF EXISTS `emp_dept_view_50k+`;

CREATE ALGORITHM=UNDEFINED DEFINER=`root`@`localhost` SQL SECURITY DEFINER VIEW `emp_dept_view_50k+`  AS SELECT `employee`.`emp_id` AS `emp_id`, `employee`.`emp_name` AS `emp_name`, `departments`.`dept_name` AS `dept_name`, `employee`.`salary` AS `salary` FROM (`employee` join `departments` on(`employee`.`dept_id` = `departments`.`dept_id`)) WHERE `employee`.`salary` >= 50000 ;

--
-- Indexes for dumped tables
--

--
-- Indexes for table `customer`
--
ALTER TABLE `customer`
  ADD PRIMARY KEY (`cust_id`);

--
-- Indexes for table `departments`
--
ALTER TABLE `departments`
  ADD PRIMARY KEY (`dept_id`);

--
-- Indexes for table `employee`
--
ALTER TABLE `employee`
  ADD PRIMARY KEY (`emp_id`),
  ADD KEY `fk_dept` (`dept_id`);

--
-- Indexes for table `employee_log`
--
ALTER TABLE `employee_log`
  ADD PRIMARY KEY (`log_id`);

--
-- AUTO_INCREMENT for dumped tables
--

--
-- AUTO_INCREMENT for table `customer`
--
ALTER TABLE `customer`
  MODIFY `cust_id` int(11) NOT NULL AUTO_INCREMENT, AUTO_INCREMENT=6;

--
-- AUTO_INCREMENT for table `departments`
--
ALTER TABLE `departments`
  MODIFY `dept_id` int(11) NOT NULL AUTO_INCREMENT, AUTO_INCREMENT=5;

--
-- AUTO_INCREMENT for table `employee`
--
ALTER TABLE `employee`
  MODIFY `emp_id` int(11) NOT NULL AUTO_INCREMENT, AUTO_INCREMENT=14;

--
-- AUTO_INCREMENT for table `employee_log`
--
ALTER TABLE `employee_log`
  MODIFY `log_id` int(11) NOT NULL AUTO_INCREMENT, AUTO_INCREMENT=7;

--
-- Constraints for dumped tables
--

--
-- Constraints for table `employee`
--
ALTER TABLE `employee`
  ADD CONSTRAINT `fk_dept` FOREIGN KEY (`dept_id`) REFERENCES `departments` (`dept_id`);
--
-- Database: `phpmyadmin`
--
CREATE DATABASE IF NOT EXISTS `phpmyadmin` DEFAULT CHARACTER SET utf8 COLLATE utf8_bin;
USE `phpmyadmin`;

-- --------------------------------------------------------

--
-- Table structure for table `pma__bookmark`
--

CREATE TABLE `pma__bookmark` (
  `id` int(10) UNSIGNED NOT NULL,
  `dbase` varchar(255) NOT NULL DEFAULT '',
  `user` varchar(255) NOT NULL DEFAULT '',
  `label` varchar(255) CHARACTER SET utf8 COLLATE utf8_general_ci NOT NULL DEFAULT '',
  `query` text NOT NULL
) ENGINE=InnoDB DEFAULT CHARSET=utf8 COLLATE=utf8_bin COMMENT='Bookmarks';

-- --------------------------------------------------------

--
-- Table structure for table `pma__central_columns`
--

CREATE TABLE `pma__central_columns` (
  `db_name` varchar(64) NOT NULL,
  `col_name` varchar(64) NOT NULL,
  `col_type` varchar(64) NOT NULL,
  `col_length` text DEFAULT NULL,
  `col_collation` varchar(64) NOT NULL,
  `col_isNull` tinyint(1) NOT NULL,
  `col_extra` varchar(255) DEFAULT '',
  `col_default` text DEFAULT NULL
) ENGINE=InnoDB DEFAULT CHARSET=utf8 COLLATE=utf8_bin COMMENT='Central list of columns';

-- --------------------------------------------------------

--
-- Table structure for table `pma__column_info`
--

CREATE TABLE `pma__column_info` (
  `id` int(5) UNSIGNED NOT NULL,
  `db_name` varchar(64) NOT NULL DEFAULT '',
  `table_name` varchar(64) NOT NULL DEFAULT '',
  `column_name` varchar(64) NOT NULL DEFAULT '',
  `comment` varchar(255) CHARACTER SET utf8 COLLATE utf8_general_ci NOT NULL DEFAULT '',
  `mimetype` varchar(255) CHARACTER SET utf8 COLLATE utf8_general_ci NOT NULL DEFAULT '',
  `transformation` varchar(255) NOT NULL DEFAULT '',
  `transformation_options` varchar(255) NOT NULL DEFAULT '',
  `input_transformation` varchar(255) NOT NULL DEFAULT '',
  `input_transformation_options` varchar(255) NOT NULL DEFAULT ''
) ENGINE=InnoDB DEFAULT CHARSET=utf8 COLLATE=utf8_bin COMMENT='Column information for phpMyAdmin';

-- --------------------------------------------------------

--
-- Table structure for table `pma__designer_settings`
--

CREATE TABLE `pma__designer_settings` (
  `username` varchar(64) NOT NULL,
  `settings_data` text NOT NULL
) ENGINE=InnoDB DEFAULT CHARSET=utf8 COLLATE=utf8_bin COMMENT='Settings related to Designer';

-- --------------------------------------------------------

--
-- Table structure for table `pma__export_templates`
--

CREATE TABLE `pma__export_templates` (
  `id` int(5) UNSIGNED NOT NULL,
  `username` varchar(64) NOT NULL,
  `export_type` varchar(10) NOT NULL,
  `template_name` varchar(64) NOT NULL,
  `template_data` text NOT NULL
) ENGINE=InnoDB DEFAULT CHARSET=utf8 COLLATE=utf8_bin COMMENT='Saved export templates';

--
-- Dumping data for table `pma__export_templates`
--

INSERT INTO `pma__export_templates` (`id`, `username`, `export_type`, `template_name`, `template_data`) VALUES
(1, 'root', 'server', 'lab-exercise', '{\"quick_or_custom\":\"quick\",\"what\":\"sql\",\"db_select[]\":[\"mall\",\"phpmyadmin\",\"school_db\",\"university_db\"],\"aliases_new\":\"\",\"output_format\":\"sendit\",\"filename_template\":\"@SERVER@\",\"remember_template\":\"on\",\"charset\":\"utf-8\",\"compression\":\"none\",\"maxsize\":\"\",\"codegen_structure_or_data\":\"data\",\"codegen_format\":\"0\",\"csv_separator\":\",\",\"csv_enclosed\":\"\\\"\",\"csv_escaped\":\"\\\"\",\"csv_terminated\":\"AUTO\",\"csv_null\":\"NULL\",\"csv_columns\":\"something\",\"csv_structure_or_data\":\"data\",\"excel_null\":\"NULL\",\"excel_columns\":\"something\",\"excel_edition\":\"win\",\"excel_structure_or_data\":\"data\",\"json_structure_or_data\":\"data\",\"json_unicode\":\"something\",\"latex_caption\":\"something\",\"latex_structure_or_data\":\"structure_and_data\",\"latex_structure_caption\":\"Structure of table @TABLE@\",\"latex_structure_continued_caption\":\"Structure of table @TABLE@ (continued)\",\"latex_structure_label\":\"tab:@TABLE@-structure\",\"latex_relation\":\"something\",\"latex_comments\":\"something\",\"latex_mime\":\"something\",\"latex_columns\":\"something\",\"latex_data_caption\":\"Content of table @TABLE@\",\"latex_data_continued_caption\":\"Content of table @TABLE@ (continued)\",\"latex_data_label\":\"tab:@TABLE@-data\",\"latex_null\":\"\\\\textit{NULL}\",\"mediawiki_structure_or_data\":\"data\",\"mediawiki_caption\":\"something\",\"mediawiki_headers\":\"something\",\"htmlword_structure_or_data\":\"structure_and_data\",\"htmlword_null\":\"NULL\",\"ods_null\":\"NULL\",\"ods_structure_or_data\":\"data\",\"odt_structure_or_data\":\"structure_and_data\",\"odt_relation\":\"something\",\"odt_comments\":\"something\",\"odt_mime\":\"something\",\"odt_columns\":\"something\",\"odt_null\":\"NULL\",\"pdf_report_title\":\"\",\"pdf_structure_or_data\":\"data\",\"phparray_structure_or_data\":\"data\",\"sql_include_comments\":\"something\",\"sql_header_comment\":\"\",\"sql_use_transaction\":\"something\",\"sql_compatibility\":\"NONE\",\"sql_structure_or_data\":\"structure_and_data\",\"sql_create_table\":\"something\",\"sql_auto_increment\":\"something\",\"sql_create_view\":\"something\",\"sql_create_trigger\":\"something\",\"sql_backquotes\":\"something\",\"sql_type\":\"INSERT\",\"sql_insert_syntax\":\"both\",\"sql_max_query_size\":\"50000\",\"sql_hex_for_binary\":\"something\",\"sql_utc_time\":\"something\",\"texytext_structure_or_data\":\"structure_and_data\",\"texytext_null\":\"NULL\",\"yaml_structure_or_data\":\"data\",\"\":null,\"as_separate_files\":null,\"csv_removeCRLF\":null,\"excel_removeCRLF\":null,\"json_pretty_print\":null,\"htmlword_columns\":null,\"ods_columns\":null,\"sql_dates\":null,\"sql_relation\":null,\"sql_mime\":null,\"sql_disable_fk\":null,\"sql_views_as_tables\":null,\"sql_metadata\":null,\"sql_drop_database\":null,\"sql_drop_table\":null,\"sql_if_not_exists\":null,\"sql_simple_view_export\":null,\"sql_view_current_user\":null,\"sql_or_replace_view\":null,\"sql_procedure_function\":null,\"sql_truncate\":null,\"sql_delayed\":null,\"sql_ignore\":null,\"texytext_columns\":null}');

-- --------------------------------------------------------

--
-- Table structure for table `pma__favorite`
--

CREATE TABLE `pma__favorite` (
  `username` varchar(64) NOT NULL,
  `tables` text NOT NULL
) ENGINE=InnoDB DEFAULT CHARSET=utf8 COLLATE=utf8_bin COMMENT='Favorite tables';

-- --------------------------------------------------------

--
-- Table structure for table `pma__history`
--

CREATE TABLE `pma__history` (
  `id` bigint(20) UNSIGNED NOT NULL,
  `username` varchar(64) NOT NULL DEFAULT '',
  `db` varchar(64) NOT NULL DEFAULT '',
  `table` varchar(64) NOT NULL DEFAULT '',
  `timevalue` timestamp NOT NULL DEFAULT current_timestamp(),
  `sqlquery` text NOT NULL
) ENGINE=InnoDB DEFAULT CHARSET=utf8 COLLATE=utf8_bin COMMENT='SQL history for phpMyAdmin';

-- --------------------------------------------------------

--
-- Table structure for table `pma__navigationhiding`
--

CREATE TABLE `pma__navigationhiding` (
  `username` varchar(64) NOT NULL,
  `item_name` varchar(64) NOT NULL,
  `item_type` varchar(64) NOT NULL,
  `db_name` varchar(64) NOT NULL,
  `table_name` varchar(64) NOT NULL
) ENGINE=InnoDB DEFAULT CHARSET=utf8 COLLATE=utf8_bin COMMENT='Hidden items of navigation tree';

-- --------------------------------------------------------

--
-- Table structure for table `pma__pdf_pages`
--

CREATE TABLE `pma__pdf_pages` (
  `db_name` varchar(64) NOT NULL DEFAULT '',
  `page_nr` int(10) UNSIGNED NOT NULL,
  `page_descr` varchar(50) CHARACTER SET utf8 COLLATE utf8_general_ci NOT NULL DEFAULT ''
) ENGINE=InnoDB DEFAULT CHARSET=utf8 COLLATE=utf8_bin COMMENT='PDF relation pages for phpMyAdmin';

-- --------------------------------------------------------

--
-- Table structure for table `pma__recent`
--

CREATE TABLE `pma__recent` (
  `username` varchar(64) NOT NULL,
  `tables` text NOT NULL
) ENGINE=InnoDB DEFAULT CHARSET=utf8 COLLATE=utf8_bin COMMENT='Recently accessed tables';

--
-- Dumping data for table `pma__recent`
--

INSERT INTO `pma__recent` (`username`, `tables`) VALUES
('root', '[{\"db\":\"school_db\",\"table\":\"courses\"},{\"db\":\"mall\",\"table\":\"employee\"},{\"db\":\"mall\",\"table\":\"departments\"},{\"db\":\"mall\",\"table\":\"customer\"},{\"db\":\"mall\",\"table\":\"employee_log\"},{\"db\":\"mall\",\"table\":\"emp_dept_view\"},{\"db\":\"mall\",\"table\":\"emp_dept_view_50k+\"},{\"db\":\"mall\",\"table\":\"emp_dept_view_less_50k\"},{\"db\":\"mall\",\"table\":\"employee_department_view\"},{\"db\":\"information_schema\",\"table\":\"KEY_COLUMN_USAGE\"}]');

-- --------------------------------------------------------

--
-- Table structure for table `pma__relation`
--

CREATE TABLE `pma__relation` (
  `master_db` varchar(64) NOT NULL DEFAULT '',
  `master_table` varchar(64) NOT NULL DEFAULT '',
  `master_field` varchar(64) NOT NULL DEFAULT '',
  `foreign_db` varchar(64) NOT NULL DEFAULT '',
  `foreign_table` varchar(64) NOT NULL DEFAULT '',
  `foreign_field` varchar(64) NOT NULL DEFAULT ''
) ENGINE=InnoDB DEFAULT CHARSET=utf8 COLLATE=utf8_bin COMMENT='Relation table';

-- --------------------------------------------------------

--
-- Table structure for table `pma__savedsearches`
--

CREATE TABLE `pma__savedsearches` (
  `id` int(5) UNSIGNED NOT NULL,
  `username` varchar(64) NOT NULL DEFAULT '',
  `db_name` varchar(64) NOT NULL DEFAULT '',
  `search_name` varchar(64) NOT NULL DEFAULT '',
  `search_data` text NOT NULL
) ENGINE=InnoDB DEFAULT CHARSET=utf8 COLLATE=utf8_bin COMMENT='Saved searches';

-- --------------------------------------------------------

--
-- Table structure for table `pma__table_coords`
--

CREATE TABLE `pma__table_coords` (
  `db_name` varchar(64) NOT NULL DEFAULT '',
  `table_name` varchar(64) NOT NULL DEFAULT '',
  `pdf_page_number` int(11) NOT NULL DEFAULT 0,
  `x` float UNSIGNED NOT NULL DEFAULT 0,
  `y` float UNSIGNED NOT NULL DEFAULT 0
) ENGINE=InnoDB DEFAULT CHARSET=utf8 COLLATE=utf8_bin COMMENT='Table coordinates for phpMyAdmin PDF output';

-- --------------------------------------------------------

--
-- Table structure for table `pma__table_info`
--

CREATE TABLE `pma__table_info` (
  `db_name` varchar(64) NOT NULL DEFAULT '',
  `table_name` varchar(64) NOT NULL DEFAULT '',
  `display_field` varchar(64) NOT NULL DEFAULT ''
) ENGINE=InnoDB DEFAULT CHARSET=utf8 COLLATE=utf8_bin COMMENT='Table information for phpMyAdmin';

-- --------------------------------------------------------

--
-- Table structure for table `pma__table_uiprefs`
--

CREATE TABLE `pma__table_uiprefs` (
  `username` varchar(64) NOT NULL,
  `db_name` varchar(64) NOT NULL,
  `table_name` varchar(64) NOT NULL,
  `prefs` text NOT NULL,
  `last_update` timestamp NOT NULL DEFAULT current_timestamp() ON UPDATE current_timestamp()
) ENGINE=InnoDB DEFAULT CHARSET=utf8 COLLATE=utf8_bin COMMENT='Tables'' UI preferences';

--
-- Dumping data for table `pma__table_uiprefs`
--

INSERT INTO `pma__table_uiprefs` (`username`, `db_name`, `table_name`, `prefs`, `last_update`) VALUES
('root', 'information_schema', 'KEY_COLUMN_USAGE', '{\"sorted_col\":\"`KEY_COLUMN_USAGE`.`TABLE_NAME` ASC\"}', '2025-10-19 06:49:22');

-- --------------------------------------------------------

--
-- Table structure for table `pma__tracking`
--

CREATE TABLE `pma__tracking` (
  `db_name` varchar(64) NOT NULL,
  `table_name` varchar(64) NOT NULL,
  `version` int(10) UNSIGNED NOT NULL,
  `date_created` datetime NOT NULL,
  `date_updated` datetime NOT NULL,
  `schema_snapshot` text NOT NULL,
  `schema_sql` text DEFAULT NULL,
  `data_sql` longtext DEFAULT NULL,
  `tracking` set('UPDATE','REPLACE','INSERT','DELETE','TRUNCATE','CREATE DATABASE','ALTER DATABASE','DROP DATABASE','CREATE TABLE','ALTER TABLE','RENAME TABLE','DROP TABLE','CREATE INDEX','DROP INDEX','CREATE VIEW','ALTER VIEW','DROP VIEW') DEFAULT NULL,
  `tracking_active` int(1) UNSIGNED NOT NULL DEFAULT 1
) ENGINE=InnoDB DEFAULT CHARSET=utf8 COLLATE=utf8_bin COMMENT='Database changes tracking for phpMyAdmin';

-- --------------------------------------------------------

--
-- Table structure for table `pma__userconfig`
--

CREATE TABLE `pma__userconfig` (
  `username` varchar(64) NOT NULL,
  `timevalue` timestamp NOT NULL DEFAULT current_timestamp() ON UPDATE current_timestamp(),
  `config_data` text NOT NULL
) ENGINE=InnoDB DEFAULT CHARSET=utf8 COLLATE=utf8_bin COMMENT='User preferences storage for phpMyAdmin';

--
-- Dumping data for table `pma__userconfig`
--

INSERT INTO `pma__userconfig` (`username`, `timevalue`, `config_data`) VALUES
('root', '2025-10-25 08:41:58', '{\"Console\\/Mode\":\"collapse\"}');

-- --------------------------------------------------------

--
-- Table structure for table `pma__usergroups`
--

CREATE TABLE `pma__usergroups` (
  `usergroup` varchar(64) NOT NULL,
  `tab` varchar(64) NOT NULL,
  `allowed` enum('Y','N') NOT NULL DEFAULT 'N'
) ENGINE=InnoDB DEFAULT CHARSET=utf8 COLLATE=utf8_bin COMMENT='User groups with configured menu items';

-- --------------------------------------------------------

--
-- Table structure for table `pma__users`
--

CREATE TABLE `pma__users` (
  `username` varchar(64) NOT NULL,
  `usergroup` varchar(64) NOT NULL
) ENGINE=InnoDB DEFAULT CHARSET=utf8 COLLATE=utf8_bin COMMENT='Users and their assignments to user groups';

--
-- Indexes for dumped tables
--

--
-- Indexes for table `pma__bookmark`
--
ALTER TABLE `pma__bookmark`
  ADD PRIMARY KEY (`id`);

--
-- Indexes for table `pma__central_columns`
--
ALTER TABLE `pma__central_columns`
  ADD PRIMARY KEY (`db_name`,`col_name`);

--
-- Indexes for table `pma__column_info`
--
ALTER TABLE `pma__column_info`
  ADD PRIMARY KEY (`id`),
  ADD UNIQUE KEY `db_name` (`db_name`,`table_name`,`column_name`);

--
-- Indexes for table `pma__designer_settings`
--
ALTER TABLE `pma__designer_settings`
  ADD PRIMARY KEY (`username`);

--
-- Indexes for table `pma__export_templates`
--
ALTER TABLE `pma__export_templates`
  ADD PRIMARY KEY (`id`),
  ADD UNIQUE KEY `u_user_type_template` (`username`,`export_type`,`template_name`);

--
-- Indexes for table `pma__favorite`
--
ALTER TABLE `pma__favorite`
  ADD PRIMARY KEY (`username`);

--
-- Indexes for table `pma__history`
--
ALTER TABLE `pma__history`
  ADD PRIMARY KEY (`id`),
  ADD KEY `username` (`username`,`db`,`table`,`timevalue`);

--
-- Indexes for table `pma__navigationhiding`
--
ALTER TABLE `pma__navigationhiding`
  ADD PRIMARY KEY (`username`,`item_name`,`item_type`,`db_name`,`table_name`);

--
-- Indexes for table `pma__pdf_pages`
--
ALTER TABLE `pma__pdf_pages`
  ADD PRIMARY KEY (`page_nr`),
  ADD KEY `db_name` (`db_name`);

--
-- Indexes for table `pma__recent`
--
ALTER TABLE `pma__recent`
  ADD PRIMARY KEY (`username`);

--
-- Indexes for table `pma__relation`
--
ALTER TABLE `pma__relation`
  ADD PRIMARY KEY (`master_db`,`master_table`,`master_field`),
  ADD KEY `foreign_field` (`foreign_db`,`foreign_table`);

--
-- Indexes for table `pma__savedsearches`
--
ALTER TABLE `pma__savedsearches`
  ADD PRIMARY KEY (`id`),
  ADD UNIQUE KEY `u_savedsearches_username_dbname` (`username`,`db_name`,`search_name`);

--
-- Indexes for table `pma__table_coords`
--
ALTER TABLE `pma__table_coords`
  ADD PRIMARY KEY (`db_name`,`table_name`,`pdf_page_number`);

--
-- Indexes for table `pma__table_info`
--
ALTER TABLE `pma__table_info`
  ADD PRIMARY KEY (`db_name`,`table_name`);

--
-- Indexes for table `pma__table_uiprefs`
--
ALTER TABLE `pma__table_uiprefs`
  ADD PRIMARY KEY (`username`,`db_name`,`table_name`);

--
-- Indexes for table `pma__tracking`
--
ALTER TABLE `pma__tracking`
  ADD PRIMARY KEY (`db_name`,`table_name`,`version`);

--
-- Indexes for table `pma__userconfig`
--
ALTER TABLE `pma__userconfig`
  ADD PRIMARY KEY (`username`);

--
-- Indexes for table `pma__usergroups`
--
ALTER TABLE `pma__usergroups`
  ADD PRIMARY KEY (`usergroup`,`tab`,`allowed`);

--
-- Indexes for table `pma__users`
--
ALTER TABLE `pma__users`
  ADD PRIMARY KEY (`username`,`usergroup`);

--
-- AUTO_INCREMENT for dumped tables
--

--
-- AUTO_INCREMENT for table `pma__bookmark`
--
ALTER TABLE `pma__bookmark`
  MODIFY `id` int(10) UNSIGNED NOT NULL AUTO_INCREMENT;

--
-- AUTO_INCREMENT for table `pma__column_info`
--
ALTER TABLE `pma__column_info`
  MODIFY `id` int(5) UNSIGNED NOT NULL AUTO_INCREMENT;

--
-- AUTO_INCREMENT for table `pma__export_templates`
--
ALTER TABLE `pma__export_templates`
  MODIFY `id` int(5) UNSIGNED NOT NULL AUTO_INCREMENT, AUTO_INCREMENT=2;

--
-- AUTO_INCREMENT for table `pma__history`
--
ALTER TABLE `pma__history`
  MODIFY `id` bigint(20) UNSIGNED NOT NULL AUTO_INCREMENT;

--
-- AUTO_INCREMENT for table `pma__pdf_pages`
--
ALTER TABLE `pma__pdf_pages`
  MODIFY `page_nr` int(10) UNSIGNED NOT NULL AUTO_INCREMENT;

--
-- AUTO_INCREMENT for table `pma__savedsearches`
--
ALTER TABLE `pma__savedsearches`
  MODIFY `id` int(5) UNSIGNED NOT NULL AUTO_INCREMENT;
--
-- Database: `school_db`
--
CREATE DATABASE IF NOT EXISTS `school_db` DEFAULT CHARACTER SET utf8mb4 COLLATE utf8mb4_general_ci;
USE `school_db`;

-- --------------------------------------------------------

--
-- Table structure for table `courses`
--

CREATE TABLE `courses` (
  `course_id` int(11) NOT NULL,
  `course_name` varchar(100) DEFAULT NULL,
  `course_duration` varchar(100) DEFAULT NULL
) ENGINE=InnoDB DEFAULT CHARSET=utf8mb4 COLLATE=utf8mb4_general_ci;

--
-- Dumping data for table `courses`
--

INSERT INTO `courses` (`course_id`, `course_name`, `course_duration`) VALUES
(1001, 'soft dev', '8 months'),
(1002, 'web dev', '5 months'),
(1003, 'flutter', '9 months'),
(1004, 'digi marketing', '9 months'),
(1005, 'frontend', '4 months'),
(1008, 'soft skill', '2 months'),
(1009, 'cloud basics', '6 months'),
(1010, 'data analytics', '7 months'),
(1011, 'ai ml', '8 months');

--
-- Indexes for dumped tables
--

--
-- Indexes for table `courses`
--
ALTER TABLE `courses`
  ADD PRIMARY KEY (`course_id`);
--
-- Database: `university_db`
--
CREATE DATABASE IF NOT EXISTS `university_db` DEFAULT CHARACTER SET utf8mb4 COLLATE utf8mb4_general_ci;
USE `university_db`;
COMMIT;

/*!40101 SET CHARACTER_SET_CLIENT=@OLD_CHARACTER_SET_CLIENT */;
/*!40101 SET CHARACTER_SET_RESULTS=@OLD_CHARACTER_SET_RESULTS */;
/*!40101 SET COLLATION_CONNECTION=@OLD_COLLATION_CONNECTION */;
